,Strengths,uEPSPs
0,0.16830621120642866,0.49591767882634485
1,0.07961397156314286,0.24294002822723826
2,0.15192842036400236,0.45043988562176196
3,0.04662945103407534,0.14445305847965528
4,0.19931824733374082,0.5805793636824745
5,0.1404961973827258,0.4183726594304886
6,0.4737855127089157,1.2580035256067248
7,0.03967618079438429,0.1233680721799999
8,0.1733129459419202,0.5097132914034432
9,0.21658331514940402,0.6269125632802002
10,0.140699444262784,0.4189451088713412
11,0.05052171446073208,0.15620604700094987
12,0.07700217410109184,0.23523239098078363
13,0.08718069118434904,0.26518356129994913
14,0.10073733150483952,0.30471730074737025
15,0.04776175448425889,0.14787581393056826
16,0.05729457675660588,0.17657258879330584
17,0.07370213738644887,0.22547165067052788
18,0.3916786528570965,1.067585720136563
19,0.12070260670863221,0.3622104989142372
20,0.16914126448352373,0.4982220501851202
21,0.16570142173336744,0.48872071087562574
22,0.20770623976346758,0.6031598754738354
23,0.04766637133971051,0.14758760391826797
24,0.16012658943767497,0.47327200035819317
25,0.09122754909575849,0.2770274844885279
26,0.14478176773547488,0.43042500981121634
27,0.02173361991807905,0.068424581460647
28,0.07175278465865616,0.21969431077678792
29,0.0688061005784038,0.21094472860160352
30,0.06463274327166986,0.19851880602907102
31,0.1097980657139761,0.33091567216349915
32,0.7312339306007809,1.8012221513994007
33,0.15008398333926792,0.4452842878569214
34,0.07392455904374404,0.22613029789866346
35,0.03900194301625434,0.12131741841096755
36,0.054863313686983294,0.1692739053112291
37,0.0695735693944324,0.21322548024146215
38,0.022960026116001543,0.07220488667481106
39,0.11768086098656577,0.35356390643431723
40,0.38150059570294836,1.0433121127579454
41,0.11073630166663206,0.33361834176589866
42,0.02787489169078852,0.08731784597503633
43,0.20310487454535242,0.5907895013964151
44,0.04959324830743921,0.15340570808456278
45,0.03705936367368126,0.11540311638287903
46,0.03770959112020593,0.11738377701776415
47,0.09694097579555334,0.29368723244945727
48,0.169204207465081,0.4983956883113905
49,0.20068273015350593,0.5842616542660721
50,0.17909439493010923,0.5255819589111468
51,0.34748116788320027,0.9610449629321494
52,0.20258511042102711,0.5893896401905891
53,0.09442204973257617,0.28635118583179064
54,0.3924788128235265,1.0694875200442624
55,0.06926484845628675,0.2123081900405026
56,0.030103629063882524,0.0941517930618403
57,0.09983763538213888,0.3021061458691463
58,0.21341984989812393,0.6184648985591394
59,0.5233545266985132,1.3685851797828406
60,0.044010428169639876,0.13652461712148067
61,0.06177601535068469,0.18998999357827984
62,0.12652753515285045,0.3788235708631902
63,0.15626909077782272,0.462545705510621
64,0.4131040005172821,1.118187795547371
65,0.05120338335338194,0.15826073485760617
66,0.12340601123817396,0.36992971781661765
67,0.10277509248955763,0.3106248805986951
68,0.15632272688853824,0.46269505393303234
69,0.17583673415470674,0.5166485667384393
70,0.2205067375881698,0.637363985441155
71,0.10711816616249557,0.3231855175271221
72,0.12940952554776625,0.3870166992693953
73,0.048961146744217025,0.15149807316873876
74,0.21624192008399998,0.6260018062802999
75,0.08809284874056048,0.2678563467996611
76,0.28119849495328547,0.7954995915306426
77,0.05947526275603246,0.18310736147665807
78,0.20638660670795891,0.5996162487993786
79,0.3998682329649688,1.0870060934078225
80,0.4649474551970294,1.2379511576585998
81,0.06588426119946916,0.20224931952833458
82,0.04915219331285832,0.15207473636925783
83,0.19699376021571718,0.5742981577134003
84,0.14730676237418433,0.4375083826935935
85,0.058679774894935005,0.18072483310731968
86,0.0776014768755163,0.23700234531867181
87,0.15827500440304046,0.4681271651725041
88,0.14859328418480808,0.4411124385695757
89,0.3069033333096531,0.8605529319634542
90,0.03471918650580333,0.10826632061578323
91,0.3120419735916354,0.8734259283590831
92,0.05440437112613618,0.16789460839717663
93,0.18254208939847721,0.535013816983323
94,0.1139352293312816,0.34281887965808266
95,0.08971708624554732,0.2726110730526017
96,0.08410344181177544,0.2561529797501976
97,0.5997714985905039,1.533159494900886
98,0.20876650724600676,0.6060046458268857
99,0.2235046414200491,0.6453308238733655
100,0.09544389057030828,0.2893288492156927
101,0.09594475725745288,0.29078754419414565
102,0.1624757904921191,0.47978959082529116
103,0.49169612889824127,1.2983245940989434
104,0.05199240133487023,0.160637634465985
105,0.0307850689735113,0.09623888717975149
106,0.17191717639546597,0.5058723666870009
107,0.20414305735983218,0.593584066364798
108,0.04245433006838467,0.13180623524897328
109,0.044771609173863504,0.1388305723598222
110,0.10978703648168874,0.3308838902142668
111,0.037639215765751965,0.11716945509795096
112,0.8724929759155342,2.0708406908014467
113,0.04282152896432952,0.13292016872001966
114,0.15241902100403698,0.45181005345180836
115,0.022707342990696707,0.07142631014198741
116,0.10057344490147906,0.3042417905645607
117,0.11711935713926916,0.35195504263491273
118,0.13559336801506416,0.40453778349701963
119,0.13568225134716375,0.40478904028030627
120,0.13770267776652684,0.4104959801903334
121,0.30099812314768215,0.8457058135335984
122,0.058681816334343835,0.18073094920397637
123,0.04217875759012003,0.13097004928859235
124,0.027568028817245852,0.08637597508425188
125,0.14247048665399537,0.4239296774627377
126,0.09823880911944673,0.29746155847585953
127,0.06770512577812958,0.20767051758728883
128,0.3050443744923673,0.8558852821407754
129,0.061892551625354356,0.1903382828204485
130,0.0988854642808243,0.29934076514693686
131,0.11764353599700947,0.3534569809075663
132,0.13889378848914016,0.41385644427870716
133,0.11882063101247076,0.3568275934852352
134,0.0889202975463494,0.2702793190916566
135,0.08791390586073784,0.26733215804721056
136,0.09999659036878036,0.3025676038511733
137,0.5308124327883492,1.384954897573948
138,0.04351502076242969,0.13502307135026115
139,0.12635043575927288,0.3783195295259816
140,0.07936196173809892,0.2421969960896746
141,0.032737864205761885,0.10221365063657117
142,0.07701766409510138,0.23527814865964558
143,0.16827547837585669,0.49583284358004676
144,0.09572082221094738,0.29013543705946176
145,0.110329301177094,0.3324461749249821
146,0.18458764240250078,0.540598867250651
147,0.2965433030785259,0.8344670178325799
148,0.05074831217623953,0.15688917926284773
149,0.20526677931400375,0.5966065832985237
150,0.1486248863982392,0.4412009262305929
151,0.08389820372317117,0.2555499297162527
152,0.3015849598249354,0.8471838467497861
153,0.23453757595003563,0.6745082784586742
154,0.1443306624205273,0.4291581442091541
155,0.07299108395800408,0.22336528658726706
156,0.07100064433783766,0.21746286432808404
157,0.16958558093583848,0.4994475987453342
158,0.046792566308815745,0.1449463138433913
159,0.15946500134478683,0.47143449716652697
160,0.162324698161291,0.4793707358212629
161,0.03409460074305972,0.10635931368700824
162,0.19943316238884468,0.580889618457789
163,0.08762981126610754,0.2664997953108781
164,0.048721358442281024,0.15077416433685187
165,0.14245049300653873,0.4238734418204899
166,0.094948389344553,0.2878852367027349
167,0.09574094543380104,0.2901940411419588
168,0.24230656192185465,0.6949210674431754
169,0.07396058442312588,0.22623696766436296
170,0.23050369034214394,0.6638661781004487
171,0.25259209972168795,0.7217792702432178
172,0.04784265996661887,0.14812026139304635
173,0.2104086094746661,0.6104063429374662
174,0.16746164603716981,0.4935856477197973
175,0.10632720999906124,0.32090103784443613
176,0.17613401032694959,0.5174646439606079
177,0.14195184934212252,0.42247065221523883
178,0.14018564528684963,0.4174978173966082
179,0.1844186476975603,0.5401377634825764
180,0.15428314512240543,0.45701178850917756
181,0.03476623507523406,0.1084099330320214
182,0.4352455521996054,1.169793219390641
183,0.04246123372752649,0.13182718111882252
184,0.12198587323835228,0.36587663262831427
185,0.1723664140809408,0.507109014346284
186,0.2067369636548945,0.6005573870011744
187,0.2667492713626607,0.758441039212471
188,0.10726067149683507,0.32359696451577236
189,0.1892308465948114,0.553246204131483
190,0.07641135122072512,0.23348668631109604
191,0.5334819428338098,1.3907977513676713
192,0.11934334057986573,0.35832342557246477
193,0.09545401407809165,0.28935833779915754
194,0.06994050963895644,0.2143154720831859
195,0.03934783664562711,0.12236956846449232
196,0.05808329204002281,0.17893737275805677
197,0.08199143911136801,0.2499427830321963
198,0.17951318648385894,0.5267288881626513
199,0.09304384657165095,0.2823314281156968
200,0.12167431916695118,0.36498688265527335
201,0.11058580733347433,0.33318495769511003
202,0.4776775054168996,1.2668011261817185
203,0.11193126186015971,0.33705778060766534
204,0.4231021828539506,1.1415763682098259
205,0.11830026540541812,0.355337890619694
206,0.4953317144573377,1.306458152059264
207,0.05812892932182848,0.17907416164558754
208,0.062083353751967864,0.19090846100158387
209,0.05147229834156714,0.15907099930569757
210,0.13351573410126497,0.39866000462124873
211,0.0840704866391174,0.2560561540857975
212,0.1751898062604599,0.5148720303623975
213,0.04525348188636719,0.1402896720236697
214,0.07498498723060214,0.22926895298040506
215,0.051197235979935043,0.15824221030041485
216,0.027188956304880094,0.08521215218230793
217,0.04326474245239763,0.1342642739743809
218,0.4084870789226083,1.107339297934388
219,0.06468426828450409,0.19867246237114955
220,0.05315636256443811,0.16414138139124645
221,0.06605685299902259,0.20276349739698674
222,0.058340260490217906,0.1797075227682825
223,0.23323902129942764,0.6710856973286639
224,0.08867996527876601,0.2695757243518955
225,0.057580486850938854,0.17742999181831465
226,0.10904517778026446,0.3287455395546601
227,0.8596866882985803,2.047103910440967
228,0.05193749197415838,0.16047226841941153
229,0.08599653470747962,0.2617110047321063
230,0.09950372384324452,0.3011365960763186
231,0.14439818490993683,0.42934779822721225
232,0.19306474970160875,0.5636577066315454
233,0.17542933069980532,0.5155298873958571
234,0.1285836617781255,0.3846706610364805
235,0.08055414488730568,0.24571079762301906
236,0.1636973644659819,0.48317433194853265
237,0.06350023677625943,0.19513993680335773
238,0.07911677338318766,0.2414739392624483
239,0.09162418487585036,0.27818636150612974
240,0.17276177390742695,0.5081970183453279
241,0.1105240745391141,0.33300716937176844
242,0.07968106145939843,0.24313781367057175
243,0.09072803403147418,0.2755675224377967
244,0.1352665619782967,0.4036138216531384
245,0.20701567259619671,0.601305896925922
246,0.08841914375796801,0.2688120001544405
247,0.1953852095301612,0.5699454988630634
248,0.04815157269099369,0.14905346710865786
249,0.1600469384700628,0.47305082339632065
250,0.11290830151146926,0.3398676978383861
251,0.22162551487777757,0.6403390450709452
252,0.21633834285485465,0.6262590602198941
253,0.07588763677901618,0.2319386069425633
254,0.12648711848236846,0.3787085470871858
255,0.07603436774229021,0.2323724004982779
256,0.12014048583413922,0.3606034868498824
257,0.13892771800451506,0.41395212604382436
258,0.1919357038839005,0.5605945674638662
259,0.12899239624236716,0.38583193565845875
260,0.11858593328692599,0.3561557722221096
261,0.13982492879198008,0.4164814090142386
262,0.08688208420623819,0.2643081866180381
263,0.46718009374272385,1.2430264306007501
264,0.4035648319448166,1.0957399367872966
265,0.13185054616118574,0.3939425588207115
266,0.037515030338253326,0.11679123049916029
267,0.05831857612187112,0.1796425393216765
268,0.21885476927512212,0.6329668217875479
269,0.05469255270250244,0.1687607610208346
270,0.08031023758885295,0.24499217345369573
271,0.04311190630792615,0.13380083015620414
272,0.15983168288995522,0.47245303200031685
273,0.22435901558451757,0.6475982592707652
274,0.23355537229463963,0.6719197815008187
275,0.10502576792509964,0.31713919307954086
276,0.06794036697536948,0.2083703390845102
277,0.2255058184771465,0.6506396617438099
278,0.09863489132375512,0.2986126985578892
279,0.3073328982448469,0.8616307136709622
280,0.22648342989423378,0.6532304463174086
281,0.10844063549245532,0.3270021135994483
282,0.051182424145964175,0.15819757580649707
283,0.371436615275431,1.0191584799536173
284,0.06790621957417076,0.20826876148282736
285,0.18249492947462917,0.5348849582768054
286,0.11003301502773939,0.3315926421591371
287,0.12128653379571366,0.36387914005771904
288,0.12275319254731104,0.36806709903119383
289,0.06996053557053525,0.2143749500415879
290,0.05609553058487661,0.17297475648898342
291,0.062383106590580835,0.19180404932747308
292,0.057673239692222836,0.17770810363543887
293,0.174305295784656,0.5124417306173399
294,0.0785830124606103,0.23989941776299872
295,0.08921628135265823,0.2711456624305555
296,0.1518493217453033,0.45021893019576
297,0.08958428607334774,0.272222539288947
298,0.11887430550604662,0.35698122000265187
299,0.08830099838721474,0.2684660031589772
300,0.10285851398849605,0.31086653103376705
301,0.23526067628931815,0.6764128148415551
302,0.07758578553742908,0.23695601355530016
303,0.2253638221249674,0.6502632086547919
304,0.6219794520720945,1.5797255431320565
305,0.03683092211604008,0.11470701967444086
306,0.09509559015470918,0.28831415373278446
307,0.13233908809513104,0.3953271898875812
308,0.11063626263482446,0.3333302611244875
309,0.2639862815893508,0.7513135251895591
310,0.08343540307703422,0.25418973892527674
311,0.1183502650008837,0.355481054557103
312,0.031182416515677797,0.0974553544994734
313,0.19529047125256627,0.5696889871780257
314,0.20073752389959984,0.5844094505208801
315,0.16386113325405816,0.48362787579070243
316,0.09464364774573898,0.2869971220208214
317,0.22379299807961875,0.6460962480266375
318,0.08973202081492188,0.2726547647069424
319,0.06462731422511403,0.19850261533440516
320,0.18972424391426548,0.5545876840077426
321,0.08709241222951222,0.2649247897679601
322,0.12201765226316057,0.3659673770021499
323,0.44272648537690373,1.1870738464879196
324,0.08190323134894005,0.24968319670918504
325,0.1047992488312444,0.31648405919997913
326,0.048808592565519164,0.1510375354219775
327,0.008184064789715064,0.026414137238660373
328,0.10439810395364019,0.3153236025567736
329,0.114651087630223,0.34487477203349215
330,0.09616824904737624,0.2914382505248483
331,0.056220126867741076,0.1733487731744816
332,0.12371206398329503,0.3708026350454787
333,0.04124674632647845,0.12814065601691027
334,0.14187452969244624,0.42225308980931686
335,0.19235512396873777,0.5617327546696771
336,0.29989683005201645,0.8429305028382288
337,0.09350468517087634,0.2836760068382773
338,0.3435822945819336,0.9515028336121247
339,0.05126026331042838,0.15843213329232242
340,0.06480132179724052,0.1990215131483808
341,0.1906454741085083,0.55709112431704
342,0.06938321331270274,0.21265990854492145
343,0.062163112805397235,0.19114678182999967
344,0.29196379893735186,0.8228790959842343
345,0.038987703287575795,0.12127409744687156
346,0.0903285859772997,0.27439963414562385
347,0.0821005430205465,0.250263840400649
348,0.27067067784938637,0.7685340595821515
349,0.13399466710469665,0.40001573983458627
350,0.052401216580518724,0.1618686080918792
351,0.04188439555152793,0.13007664995079438
352,0.1449731065290735,0.4309622314156485
353,0.07045770725263992,0.21585127995744813
354,0.07828022039624646,0.2390059371754205
355,0.030677949532563923,0.09591087913098306
356,0.23588350929623647,0.6780525014595042
357,0.25744547399251355,0.7343873851447
358,0.14796650880554024,0.43935701636056024
359,0.06421975602181194,0.19728698729154814
360,0.09628014681890971,0.2917640046033796
361,0.04649263166797005,0.14403927268789118
362,0.14237449790580856,0.42365968473920645
363,0.08628056702261708,0.26254421879441736
364,0.10397598672772448,0.3141020979316522
365,0.2407143574484316,0.6907464741790506
366,0.023796530488410354,0.07478124387152718
367,0.10562656489290555,0.31887626584406803
368,0.2245713387262726,0.6481615379180568
369,0.6096982503503614,1.5540420715854708
370,0.121702764437573,0.3650681264713853
371,0.11221997666114869,0.3378883236624546
372,0.23896949580589474,0.6861663836821492
373,0.06455936988975801,0.1982999836022401
374,0.3644312065444194,1.0022551068977208
375,0.09101294127476978,0.27640030533390814
376,0.300412009935338,0.8442290314867051
377,0.2306818962544916,0.6643369431086228
378,0.08341317771981198,0.2541244055866798
379,0.3326480805145908,0.9246158054188669
380,0.06439203539443707,0.19780089336360618
381,0.09623600299002506,0.2916354974489508
382,0.3216558958013901,0.8973942666373631
383,0.13198692397320247,0.3943291326083056
384,0.13352488402536455,0.398685910172631
385,0.031453816769279316,0.0982860192697359
386,0.20813903930575745,0.6043213621298946
387,0.20341374225358017,0.5916211204113324
388,0.07841671924716212,0.23940874437566606
389,0.1068900577051072,0.3225268222633133
390,0.20038266216722267,0.5834521736049965
391,0.10611724689317335,0.32029438391768394
392,0.08900565985730025,0.2705291941858263
393,0.24010238279668106,0.6891407260689846
394,0.054499863359418116,0.16818163935815278
395,0.03353099221778028,0.10463768071610957
396,0.1470802893002812,0.43687359126721503
397,0.25890388581344403,0.7381679326565234
398,0.09493320189193705,0.2878409804446278
399,0.057925802420200526,0.17846529109114329
400,0.16484295060357645,0.4863458107393086
401,0.21439661080545416,0.6210752185295263
402,0.08205795311528934,0.25013851532055753
403,0.12243046598581196,0.36714596368585717
404,0.2135895373799089,0.6189185036003693
405,0.8069702517928434,1.9479565604714537
406,0.1047430489746103,0.31632150186081276
407,0.10448861409594448,0.31558546644387775
408,0.09474614157719793,0.2872958447378977
409,0.05522200985057653,0.17035158166109454
410,0.16320367720354406,0.4818067817263767
411,0.075173451645566,0.2298265031030553
412,0.0767430354883273,0.23446681114221235
413,0.12352717096301119,0.37027531076384435
414,0.05191956988144702,0.1604182923850459
415,0.1310954026561001,0.3918013394920763
416,0.06340623917449566,0.1948593592678236
417,0.1702829015590667,0.5013702128149902
418,0.25841286013675924,0.7368954962039851
419,0.435022097771185,1.1692758549221054
420,0.09053840754840252,0.2750131451483355
421,0.3377656336776006,0.937223313632984
422,0.09871661145010645,0.2988501602688558
423,0.12306799905143787,0.3689654159945235
424,0.12352026941031759,0.3702556257837557
425,0.3058590646646853,0.8579315853314853
426,0.10994018021226461,0.3313251672772566
427,0.14852648307687039,0.4409253856514397
428,0.0557153017699019,0.17183315128342258
429,0.03364007680275779,0.1049709566881063
430,0.08280905869568916,0.2523481222242765
431,0.08777002245253913,0.2669106195492503
432,0.037134990584569934,0.11563353577032842
433,0.07953141268475575,0.24269662529485458
434,0.3043226630667514,0.8540716029489204
435,0.09269910184035175,0.28132526713999084
436,0.16531171405737186,0.48764279442912084
437,0.2696713986808846,0.765964620567658
438,0.09130550817168431,0.2772552901919596
439,0.17581249745723657,0.5165820249194297
440,0.0736468217440129,0.22530782951402273
441,0.31089916577830135,0.8705667863501674
442,0.11940012760851224,0.35848589731996583
443,0.11354845805163125,0.3417076434616888
444,0.29064112922959345,0.8195256758029217
445,0.03972557446944727,0.12351825750025114
446,0.15274400040475514,0.4527173985579651
447,0.020147776721986404,0.06353088935799178
448,0.1309121873536554,0.39128165001540083
449,0.05975518737508534,0.18394540185956032
450,0.09983496406099406,0.302098390355539
451,0.13921796737603698,0.4147705363123606
452,0.062411418222206104,0.19188862685943775
453,0.10653626765705261,0.32150498063099064
454,0.028911410716605614,0.09049760441101284
455,0.059287439721087874,0.18254495375521174
456,0.04216647790431194,0.13093278411332676
457,0.14909934455953325,0.44252918556756526
458,0.15510904335973966,0.45931415742836634
459,0.030999241127505857,0.09689461596487092
460,0.05696067083714584,0.17557101378338302
461,0.09102181025390209,0.2764262264425099
462,0.05038972028341176,0.1558080638877044
463,0.3329634333542804,0.9253939059888268
464,0.14174790823434788,0.4218967750797873
465,0.03905291235340314,0.12147247645005166
466,0.03550459809238651,0.11066303844675929
467,0.08647838171399655,0.26312440555118144
468,0.30991368920811657,0.8680995455876399
469,0.18904458230592966,0.5527396546264782
470,0.16423364652421396,0.48465931992824096
471,0.09095594624938362,0.2762337234637471
472,0.036251751285328364,0.1129416372983485
473,0.039389023043647435,0.12249483153918561
474,0.13334506079573022,0.398176756968013
475,0.06846711094084415,0.2099368959624428
476,0.027512664997683806,0.08620601961044372
477,0.1345759096419676,0.40166044381309973
478,0.03321311073252857,0.10366632395181341
479,0.09187070288032377,0.2789064539613264
480,0.11434863303149567,0.34400627876939893
481,0.4040106284135929,1.0967918651044215
482,0.09259648494760792,0.28102572201548526
483,0.14676144830065696,0.43597971949533587
484,0.15173234685597253,0.4498921472111448
485,0.25975663595210086,0.7403767291687728
486,0.08385212176207298,0.25541451436532725
487,0.07562483078247156,0.23116152882835195
488,0.1321344398443013,0.3947472342896816
489,0.12550870610095485,0.37592298394822876
490,0.2654799722131099,0.7551683588285272
491,0.1116244864529571,0.3361750862138848
492,0.22237188082774054,0.6423224989133587
493,0.040857846076335635,0.12695942508115365
494,0.05842810438384101,0.17997076110114563
495,0.15257732872324914,0.4522520767033029
496,0.10349937594658153,0.3127224361520291
497,0.11718397456114188,0.3521402237071811
498,0.06419392990646813,0.1972099425983913
499,0.14268649611900305,0.4245371894189134
500,0.052793530691906974,0.16304952777059611
501,0.04571594858399767,0.1416894956472987
502,0.10845666879522968,0.3270483618815092
503,0.33044596759871375,0.9191779003494673
504,0.14243212525280663,0.4238217785629672
505,0.0698328366710635,0.2139956626146784
506,0.0713153754620074,0.21839676396686514
507,0.14296532006100862,0.4253212205766346
508,0.08082745321462104,0.24651588713261674
509,0.025953438859841662,0.08141646533654523
510,0.05825518141341478,0.17945255258771908
511,0.12366081038601476,0.37065646443481626
512,0.16799584274814344,0.4950608479385039
513,0.09205073100188618,0.27943224088726026
514,0.275138422002738,0.7800008337158317
515,0.12415819510361162,0.37207472569431843
516,0.06288478135602546,0.19330246742163126
517,0.11354968024964605,0.34171115547607656
518,0.24501405367704304,0.7020093669532059
519,0.031002841195175903,0.09690563731143698
520,0.028326333446277708,0.0887030661342294
521,0.05329470714509041,0.16455761445344308
522,0.23374503074749162,0.6724197435579953
523,0.2275367441207844,0.6560198875400687
524,0.06469292284270733,0.19869827113529936
525,0.2760555676478289,0.7823504966088706
526,0.105455641234469,0.31838215733147024
527,0.09511416661678765,0.28836827885302796
528,0.16944540940016387,0.49906100894713745
529,0.16781845157743003,0.49457103992067175
530,0.033858710487743034,0.10563884176126237
531,0.09014832582864736,0.2738724817406393
532,0.15687355329905112,0.4642284797740217
533,0.05340521333019978,0.16489005885644303
534,0.47863178719495125,1.2689551680649913
535,0.08578019388598603,0.26107624414784425
536,0.15421149001768042,0.4568119692916355
537,0.10667401393705718,0.32190286150998304
538,0.09624806402234944,0.2916706087605263
539,0.17975093670159675,0.5273798531420226
540,0.04892424378049686,0.1513866737810332
541,0.15514653514937765,0.45941864104862873
542,0.07903804539860665,0.24124174287618416
543,0.07009441850565486,0.2147725651416721
544,0.16647419377491943,0.49085727189991246
545,0.13722135112003273,0.4091371845777161
546,0.04553831607001459,0.1411518860386849
547,0.11303295914786632,0.3402260593422852
548,0.10450622803699317,0.31563642501640743
549,0.11013232449350879,0.3318787511619803
550,0.08391498699652443,0.2555992474620581
551,0.0824606312915121,0.25132327371697727
552,0.0429543840311425,0.13332311867536362
553,0.141159917523454,0.42024172629523093
554,0.21383900737544004,0.6195852838186084
555,0.15923209228608476,0.4707874028286625
556,0.13126848575367636,0.3922922243969822
557,0.11106666776063272,0.3345695379619116
558,0.15160131281982472,0.44952605528550293
559,0.16231278888926728,0.4793377192390693
560,0.31007782489658325,0.8685105865584006
561,0.2950795245899665,0.8307669111246696
562,0.032867883101327475,0.10261112987821264
563,0.4552771925700066,1.2158924843670889
564,0.12014118806909586,0.3606054948445774
565,0.2974669139240681,0.8367998580876588
566,0.11297441570466321,0.34005776481545524
567,0.09724028818294515,0.29455801329943654
568,0.23396109535236045,0.6729892356241294
569,0.19025993476167458,0.556043621671293
570,0.03176156253069508,0.09922771065143365
571,0.10324319878540449,0.31198066686694403
572,0.12404391033586222,0.37174889619143414
573,0.25866914207675995,0.7375596742201935
574,0.063455806333747,0.19500731697654317
575,0.1624157947212365,0.4796232772836362
576,0.08510540562274427,0.2590956923105949
577,0.05321904136797783,0.16432996671274225
578,0.10130732709459479,0.30637066221011366
579,0.063512224817007,0.19517571896517438
580,0.03326546603250335,0.10382632378680512
581,0.044189791978398535,0.137068113207377
582,0.1445958518318484,0.42990294193992895
583,0.22320231736388854,0.6445281594907328
584,0.13939199402202987,0.41526115200795743
585,0.08393542591193538,0.2556593064819026
586,0.21739206710840217,0.6290692459693616
587,0.07594238640759657,0.23210047374732312
588,0.11533646599993311,0.3468420988102281
589,0.020378287624818272,0.06424259622801287
590,0.11708763469859114,0.3518641289715987
591,0.08437054297128985,0.25693766060032885
592,0.09503875334481672,0.2881485470166183
593,0.1643122984571832,0.4848770621024272
594,0.08930354508532694,0.2714010458547449
595,0.017538187627931048,0.055464647551232815
596,0.17639480333063284,0.5181804250014608
597,0.24589833033243078,0.7043215841743233
598,0.016370591234317618,0.051850240383600976
599,0.08505719890266636,0.2589541632142982
600,0.0694367288035716,0.21281891811536013
601,0.177127074913504,0.5201895263520271
602,0.04116158833146179,0.12788203108183893
603,0.14117497667888002,0.4202841230144685
604,0.09467756896546814,0.2870959894507763
605,0.06086971374035783,0.18728028065264368
606,0.06460442620410634,0.19843435712336088
607,0.04130484326000591,0.12831708658514174
608,0.17509388035856688,0.5146085368986775
609,0.1848127541891082,0.5412130007393046
610,0.1459547396225105,0.4337171779804123
611,0.06876363296701644,0.21081848472809384
612,0.06628962096798771,0.2034568411926898
613,0.07828986824359925,0.2390344092889478
614,0.11205183540647734,0.33740465516372353
615,0.041061524260866726,0.12757811435008648
616,0.451801400547953,1.2079329975908024
617,0.6103684485505989,1.55544796624757
618,0.02933586642958309,0.0917989689799299
619,0.10927019883533952,0.32939427102942886
620,0.1872969606024293,0.5479836917700283
621,0.04820133926379961,0.14920378774718301
622,0.2963742155795336,0.8340397852466737
623,0.42742199074143916,1.1516377836677236
624,0.13365506335353775,0.39905445902107317
625,0.030966354009686177,0.09679393298760886
626,0.08711889482556692,0.26500241985428374
627,0.10070192160970957,0.3046145653778325
628,0.08203988057236365,0.25008533381524956
629,0.053084472966759964,0.16392507171525494
630,0.06146756354883743,0.1890679795482697
631,0.15602805594979433,0.46187447815441374
632,0.07146405457674565,0.2188378600681773
633,0.19234454475313392,0.5617040498418078
634,0.09606003356553508,0.2911231900385616
635,0.04132987608511518,0.12839310457158604
636,0.030791729717580426,0.09625928198140343
637,0.09298881503703116,0.2821708324510581
638,0.06938534283034124,0.21266623606555868
639,0.14273473784048393,0.4246728528408852
640,0.24750314201798815,0.7085142925844679
641,0.14778567573735174,0.43885040415679555
642,0.066834816580128,0.20508032388733
643,0.14649684887686296,0.43523775588357694
644,0.05225384294068015,0.16142490001391252
645,0.08471977233717966,0.2579633742616352
646,0.12675727406902365,0.37947733062718214
647,0.22429156356789576,0.6474192963430738
648,0.2740883834750852,0.7773089317212225
649,0.07810027196316108,0.23847484632138105
650,0.05525476709840825,0.17044998346499085
651,0.05892892948901498,0.181471222082493
652,0.6643929642428587,1.667171075637654
653,0.12343632719689099,0.3700161932098496
654,0.060711001301314425,0.1868055577308212
655,0.08385659977604912,0.25542767355881324
656,0.30716551978786166,0.8612107959939834
657,0.08050326442354193,0.24556089953586024
658,0.3610930236682078,0.9941740767476261
659,0.1840457812940805,0.5391201970967643
660,0.3924951018984808,1.0695262257128633
661,0.20411385591879522,0.5935054902841443
662,0.2731832323585684,0.7749869420122621
663,0.15760792554029002,0.46627191851546
664,0.3073699724791624,0.8617237189578333
665,0.0800432471794816,0.24420538609685138
666,0.2053999791139313,0.5969646973681648
667,0.11466615622481426,0.3449180361184432
668,0.08093855531123192,0.2468431146790948
669,0.019316150866515364,0.06096214661005206
670,0.03898556547246163,0.121267593614661
671,0.06133769276594309,0.1886797083206062
672,0.1303452907181599,0.38967320423924434
673,0.22064480444660958,0.6377312590029334
674,0.21759406046313606,0.6296077076318056
675,0.2750156389832638,0.7796861624316875
676,0.11485900618215829,0.34547169288305213
677,0.30760362395910434,0.8623098104085756
678,0.189170465095732,0.553082002770708
679,0.24907864789867404,0.7126259640470209
680,0.271152972123474,0.7697735607667227
681,0.10152018586694227,0.30698791040018136
682,0.0730246680950547,0.22346479921650086
683,0.10982145263389562,0.33098306328389526
684,0.12200107315600787,0.36592003595850997
685,0.3100203481544294,0.86836665399656
686,0.030425552707919717,0.0951379109863808
687,0.09581362666587734,0.2904057004554943
688,0.036615927817638394,0.11405178484351097
689,0.27603220600628803,0.7822906636654352
690,0.17166684801499751,0.5051830970981115
691,0.25709955925768596,0.7334901430585319
692,0.4298058798293747,1.1571789380241881
693,0.06451479794732572,0.1981670500523478
694,0.05680868282594986,0.17511502887005292
695,0.11495931171255419,0.34575963050536984
696,0.20107904633032847,0.5853305169426335
697,0.4424813503351657,1.18650882213511
698,0.1436411155593279,0.4272208399819135
699,0.03444262449329854,0.10742202736643947
700,0.048739514416584605,0.15082898104347464
701,0.1324010264972192,0.39550270073760885
702,0.10562649983758393,0.3188760777933055
703,0.05757657072372879,0.17741824919124838
704,0.20973174506124714,0.6085926047542358
705,0.17307263266151673,0.5090522639298456
706,0.13448772701594972,0.40141096455515424
707,0.12287603164426593,0.3684176518625435
708,0.04638591623248274,0.1437165002035954
709,0.10557505108068517,0.3187273556700916
710,0.058900932827339804,0.18138736004689804
711,0.1981876849677378,0.5775256582988959
712,0.09756516971512737,0.2955029590014675
713,0.24920558108651986,0.7129570349062249
714,0.24354555297158773,0.6981664181633249
715,0.11856791918380011,0.35610420207407856
716,0.1351901051076448,0.403397626974197
717,0.031133390746089704,0.09730528419694906
718,0.03749264552033293,0.11672305039414255
719,0.07815991274296039,0.2386508752458809
720,0.1658682627859985,0.48918209409661983
721,0.0465859217510546,0.1443214167112643
722,0.05850618075094184,0.18020471444769726
723,0.0838127800012815,0.25529890184526494
724,0.24728025285590033,0.7079322506888985
725,0.06530899183246544,0.20053500857963513
726,0.09719160460228493,0.29441639297284894
727,0.39317711946096356,1.0711464673713493
728,0.18486739515264292,0.5413620533466457
729,0.0717455639147993,0.21967289443175275
730,0.1567096688100616,0.4637723117441368
731,0.10750966197550962,0.32431575402031854
732,0.04916338908944225,0.15210852752204573
733,0.32725264941963605,0.9112785418551823
734,0.039343139159817846,0.12235528141533791
735,0.15051251004367866,0.4464827303768004
736,0.047824720262586565,0.14806605978195364
737,0.07839397181080812,0.23934161976048074
738,0.1784795867870015,0.5238975831954349
739,0.0843972538163942,0.2570161220503735
740,0.11562587397743336,0.34767252034851026
741,0.09408343104813609,0.28536393683351946
742,0.0648142581392262,0.19906008707800993
743,0.1796753192778018,0.5271728230906803
744,0.5538698135745839,1.4351350202145028
745,0.1201502367689156,0.36063136891309
746,0.040374622969127916,0.1254912003761035
747,0.06791952468633902,0.20830834025525746
748,0.31409315483550754,0.8785523311908605
749,0.10438367934387975,0.31528186763901545
750,0.23888249586392074,0.6859378735644412
751,0.11313730260625811,0.3405259966711469
752,0.18307472240451775,0.536468870124736
753,0.03267352228346965,0.10201693665992195
754,0.1470520863366289,0.436794532569067
755,0.11988884737940937,0.3598838756718692
756,0.07816312350884867,0.23866035154868825
757,0.14257110485560798,0.42421267129688545
758,0.13868329303554658,0.4132627904693891
759,0.1298168526663873,0.38817326925763496
760,0.11983343534712639,0.35972539562713735
761,0.05466547048197755,0.16867937150439616
762,0.09219072604440422,0.279841058350641
763,0.06449282206770532,0.19810150642814506
764,0.1370975164102456,0.4087875186529857
765,0.056544583124877014,0.1743225656865235
766,0.100050146398417,0.30272306847983543
767,0.19269779332166354,0.5626624107717788
768,0.08576252340124604,0.26102439297406477
769,0.26590631440708296,0.7562679254074709
770,0.13161304644372357,0.3932692539842577
771,0.12032558909769459,0.36113274115778893
772,0.12716286317007874,0.380631229343507
773,0.11147716733704965,0.3357511283455068
774,0.232118912900293,0.6681309789990593
775,0.4663570205613805,1.2411561256186872
776,0.19745637398496205,0.5755490508374663
777,0.21907661937283857,0.6335576304291806
778,0.3259441376164495,0.9080369356994851
779,0.11834569905729585,0.355467981103331
780,0.11931484843950903,0.3582419049349852
781,0.36544353220151465,1.0047023661892496
782,0.12478646011231176,0.37386543579393106
783,0.17875616026934352,0.5246553969315926
784,0.13057139903188114,0.3903148181374547
785,0.12789573703407306,0.3827153725518002
786,0.2047041702999926,0.5950936115978607
787,0.13411269455042943,0.40034977140891215
788,0.09449460921093421,0.2865627014236338
789,0.20599152486517602,0.5985546912736623
790,0.34999584773788567,0.9671869277415084
791,0.09132592494888553,0.2773149482218429
792,0.07723848847554281,0.23593040829690892
793,0.18270086508848246,0.5354476201810598
794,0.06251724762567588,0.19220476286878352
795,0.18603292583313907,0.5445400693573959
796,0.07686545455665704,0.23482849584453902
797,0.1573403569381011,0.46552751755467625
798,0.03963709341861624,0.12324921984748016
799,0.07493305198104491,0.2291152944196142
800,0.450758270617632,1.2055410444303476
801,0.08042803842689039,0.2453392668134171
802,0.21402462943917708,0.620081336602837
803,0.04853775147727796,0.1502197726980654
804,0.09181740914351179,0.27875079146365067
805,0.05292107233510497,0.16343336818475507
806,0.36181673391407376,0.9959274734453345
807,0.08305076833380365,0.2530589160837735
808,0.04910342058135644,0.15192752681170418
809,0.286665058795718,0.8094272149366759
810,0.11707179729107146,0.3518187395806649
811,0.24984458840618964,0.7146232766970826
812,0.10410713074560432,0.3144816383423432
813,0.13766259895340593,0.4103828551917701
814,0.063170702556231,0.19415620635983544
815,0.029445268031669324,0.09213431940627004
816,0.10711122338664525,0.32316547094858095
817,0.13063790436075723,0.39050351588478804
818,0.20710193047929837,0.6015375242365337
819,0.09084880252543773,0.27592055029823825
820,0.19883012003356765,0.5792612066918537
821,0.061803855875461874,0.1900732027546752
822,0.05290752220038909,0.16339259045273025
823,0.5391812541711811,1.4032428043958163
824,0.14698256187635134,0.4365996342677789
825,0.02205520288845605,0.0694161920843328
826,0.09734776017321518,0.29487063042510897
827,0.08270491225462553,0.25204181914098456
828,0.287824191042574,0.8123739477566119
829,0.05631922753163561,0.1736462305797346
830,0.060236442457769074,0.18538576283863506
831,0.08295335821974738,0.2527724785858396
832,0.10476577968131928,0.316387250954989
833,0.6336166987477275,1.6039092385351523
834,0.20042593148434562,0.583568909981139
835,0.042986122830519856,0.13341937638932677
836,0.1660175045400298,0.48959476102817234
837,0.09018032738293975,0.273966072281965
838,0.12654840393028838,0.3788829609873403
839,0.04611149047418738,0.1428863460904779
840,0.10536698605501349,0.31812584670763044
841,0.09219091139509439,0.27984159958820953
842,0.0800928074830779,0.24435144623726046
843,0.12199428158535232,0.3659006427045881
844,0.052432485250290456,0.16196274431608515
845,0.07886268635909874,0.2407244974799596
846,0.1343095943126978,0.40090695623450756
847,0.21556288951966154,0.624189676173529
848,0.048412377349000245,0.14984116649004875
849,0.06582836118027469,0.20208277000115515
850,0.08502091748703283,0.25884764194414345
851,0.09302345114398168,0.2822719099805795
852,0.04625374728029807,0.14331670351742787
853,0.13088579987607146,0.39120679624427623
854,0.06313413442509094,0.19404702721064382
855,0.29268221553364954,0.8246992948743355
856,0.14166370511244403,0.4216598078737377
857,0.1254678733059378,0.37580668809188467
858,0.11386999444178997,0.3426314751959154
859,0.059390035768820904,0.18285217225823658
860,0.09223704169533642,0.27997630107320504
861,0.09107478154650205,0.27658104047712584
862,0.11438753411605498,0.34411799356867334
863,0.08029558688272836,0.2449490038127209
864,0.10894790217293959,0.3284650619374929
865,0.1601998659585508,0.47347546530976103
866,0.12566669272431658,0.3763729123808588
867,0.07831945292749808,0.23912171641747193
868,0.22685175089015203,0.6542060846015545
869,0.024025169043978372,0.07548513304753612
870,0.12271543391298022,0.3679593386682285
871,0.17955829777506993,0.5268524123165861
872,0.3441795824660046,0.9529661217668774
873,0.2070785532183446,0.6014747509308762
874,0.06175980181346288,0.18994153407388126
875,0.11221495770851159,0.3378738872219884
876,0.05823324247489705,0.17938680191140577
877,0.12032107844998192,0.36111984500830374
878,0.1906987387504077,0.557235820723335
879,0.13450224476859912,0.40145203813915487
880,0.08700835978975505,0.26467839125626824
881,0.15096900967353774,0.44775899170424793
882,0.09835212718567969,0.29779093172912496
883,0.0677793230197612,0.20789126141376357
884,0.0650794631127042,0.1998507975670094
885,0.158476857722682,0.4686883726646158
886,0.07415759487265088,0.22682025595263156
887,0.07123207804653105,0.21814961804261657
888,0.10771346554703203,0.32490399736215636
889,0.14489758524540278,0.4307501994271803
890,0.13379364834384047,0.39944676613420427
891,0.10918119834810287,0.32913769737295695
892,0.07574882535278187,0.23152818175097423
893,0.0739149461799104,0.22610183407996942
894,0.198105205823934,0.5773027825195385
895,0.09978039957708978,0.3019399725898495
896,0.04215157928891642,0.13088757078919855
897,0.09015611085321865,0.2738952497396383
898,0.2914436087520827,0.8215605871018852
899,0.06956947320889036,0.21321331083372286
900,0.055552640441187344,0.17134467141015364
901,0.16246586197349125,0.4797620685989301
902,0.06261364539051537,0.19249270199233592
903,0.026847698406736592,0.0841641291754911
904,0.05383709356179209,0.16618904426843528
905,0.08120057784752667,0.2476147363664154
906,0.05478584160140794,0.16904110670574823
907,0.202874739215854,0.5901697497972123
908,0.08970025953934684,0.2725618452863756
909,0.14390775715865123,0.42797009424691623
910,0.14316683869124106,0.4258877754644743
911,0.2594306042386579,0.7395323915091865
912,0.24994499349512447,0.7148850216308915
913,0.06032781621397492,0.18565917721268477
914,0.09126972127036435,0.277150718276161
915,0.14364888299568115,0.4272426682969268
916,0.09721250297813737,0.29447718689601743
917,0.3292871629424699,0.9163132348301559
918,0.19665281368857793,0.5733759869633417
919,0.15595727965376607,0.4616773598871049
920,0.05100912103801551,0.1576752999962565
921,0.03161214863293796,0.09877053779237599
922,0.05614604295790519,0.17312639033090704
923,0.13634502420357328,0.40666205837189295
924,0.020052397261748355,0.06323636537362631
925,0.05165804024618261,0.15963055700328255
926,0.24821635555513202,0.7103761477879118
927,0.03194486321436544,0.0997884959891735
928,0.26492137687182565,0.7537272226223592
929,0.0639631680114974,0.19652146357165634
930,0.04483719490351569,0.13902919652097978
931,0.042845444489476976,0.1329927076934041
932,0.05446531605891188,0.16807779939200884
933,0.14514331373433478,0.4314400586469702
934,0.02254925511626541,0.07093912475416175
935,0.06570213968010472,0.20170667699754574
936,0.07056616878194671,0.2161732768825857
937,0.06971860279169884,0.21365633704270692
938,0.05311814626348327,0.1640263933011994
939,0.11601595229496235,0.348791519650419
940,0.11428768987172333,0.343831257769736
941,0.09521395404475959,0.288659010469587
942,0.12534950006678044,0.37546952944741463
943,0.06541647550299183,0.20085536918935532
944,0.11624498818773926,0.3494483924077656
945,0.10199563353476264,0.3083662570318637
946,0.1932638532842385,0.5641976269290438
947,0.09973486425066103,0.30180776430447054
948,0.3215183564028838,0.8970524268193856
949,0.09195537394617187,0.27915375170178436
950,0.0361837506087005,0.11273431040079629
951,0.017660900259000644,0.055844326945432954
952,0.09468552841989296,0.28711918786005697
953,0.2202724205945641,0.636740594767474
954,0.13202685016432567,0.394442299215811
955,0.05152041106677898,0.15921594929299943
956,0.22701418343284274,0.6546362698402959
957,0.1042458968599775,0.3148831969164121
958,0.037236212658374006,0.11594191687262878
959,0.20180937763369658,0.5872994341641089
960,0.05926832724956136,0.1824877197635857
961,0.2370873792630226,0.6812198476482934
962,0.09039261948245203,0.27458687624688594
963,0.24375018564451925,0.6987021574256431
964,0.05677525880166692,0.17501474499900382
965,0.17532261766930873,0.5152368126136082
966,0.07284551808842778,0.22293393301121966
967,0.02487931477909138,0.07811358966644377
968,0.15852635925184946,0.46882598792076635
969,0.09422598362613172,0.28577958232067147
970,0.0993773532224066,0.30076960105812134
971,0.1068169470428588,0.32231568107836495
972,0.6050203939835265,1.5442152073929094
973,0.3113222158552919,0.8716254466663997
974,0.1284881866370968,0.38439935153763827
975,0.023212615212180064,0.07298301783737315
976,0.056624828689943854,0.1745633693976174
977,0.07970082641297643,0.2431960801261681
978,0.16458935211859105,0.48564396650763797
979,0.13288317871307384,0.39686867002916415
980,0.056784098513415426,0.17504126750728233
981,0.14772044564297118,0.4386676425986735
982,0.15910562188979616,0.4704359826619253
983,0.16030083399196537,0.47375580284389684
984,0.025323757974946175,0.07948056949346949
985,0.14060782599231375,0.41868707451277487
986,0.0755923043049468,0.23106534201450302
987,0.11571167907731356,0.34791869334060266
988,0.5796946834173407,1.490583530369392
989,0.05644162028911797,0.17401356924594324
990,0.10635266348913604,0.3209745750267814
991,0.04661753713142801,0.14441702875987517
992,0.06710411060615419,0.205881975818059
993,0.05968852962241057,0.18374585784893327
994,0.348474217920828,0.9634716097805267
995,0.1466675384729977,0.4357164032541334
996,0.08844311036758713,0.26888218426245203
997,0.07568982583310575,0.23135372404657062
998,0.10483571008153302,0.316589519210666
999,0.12623021314235086,0.3779773270850768
